"0","model2 <- keras_model_sequential() %>% "
"0","    layer_dense(units = 64, activation = ""relu"", "
"0","                input_shape = c(13)) %>% "
"0","    layer_dense(units = 64, activation = ""relu"") %>% "
"0","    layer_dense(units = 1) "
"0",""
"0","model2 %>% compile("
"0","    optimizer = ""rmsprop"", "
"0","    loss = ""mse"", "
"0","    metrics = c(""mae"")"
"0","  )"
"0",""
"0","mymodel2 <- model2 %>%"
"0","         fit(training,"
"0","             trainingtarget,"
"0","             epochs = 100,"
"0","             batch_size = 32,"
"0","             # verbose = 0, "
"0","             validation_split = 0.2)"
"1","Epoch 1/100
"
"2","2022-08-13 18:16:22.441560: I tensorflow/core/grappler/optimizers/custom_graph_optimizer_registry.cc:113] Plugin optimizer for device_type GPU is enabled.
"
"1","1/9 [==>...........................] - ETA: 7s - loss: 537.4370 - mae: 21.9897"
"1","2/9 [=====>........................] - ETA: 0s - loss: 641.0848 - mae: 23.7911"
"1","5/9 [===============>..............] - ETA: 0s - loss: 582.5708 - mae: 22.6482"
"1","9/9 [==============================] - 1s 30ms/step - loss: 588.5736 - mae: 22.6852
"
"2","2022-08-13 18:16:23.386149: I tensorflow/core/grappler/optimizers/custom_graph_optimizer_registry.cc:113] Plugin optimizer for device_type GPU is enabled.
"
"1","9/9 [==============================] - 2s 131ms/step - loss: 588.5736 - mae: 22.6852 - val_loss: 250.0534 - val_mae: 14.6784
"
"1","Epoch 2/100
"
"1","1/9 [==>...........................] - ETA: 0s - loss: 597.1427 - mae: 22.3299"
"1","7/9 [======================>.......] - ETA: 0s - loss: 528.0256 - mae: 21.2274"
"1","9/9 [==============================] - 0s 10ms/step - loss: 508.8694 - mae: 20.9045
"
"1","9/9 [==============================] - 0s 31ms/step - loss: 508.8694 - mae: 20.9045 - val_loss: 223.0927 - val_mae: 13.6390
"
"1","Epoch 3/100
"
"1","1/9 [==>...........................] - ETA: 0s - loss: 397.4133 - mae: 19.0340"
"1","9/9 [==============================] - 0s 6ms/step - loss: 430.2709 - mae: 19.0513
"
"1","9/9 [==============================] - 0s 27ms/step - loss: 430.2709 - mae: 19.0513 - val_loss: 197.5009 - val_mae: 12.6282
"
"1","Epoch 4/100
"
"1","1/9 [==>...........................] - ETA: 0s - loss: 262.3395 - mae: 14.7047"
"1","9/9 [==============================] - 0s 7ms/step - loss: 347.7992 - mae: 16.8888
"
"1","9/9 [==============================] - 0s 25ms/step - loss: 347.7992 - mae: 16.8888 - val_loss: 173.6098 - val_mae: 11.6151
"
"1","Epoch 5/100
"
"1","1/9 [==>...........................] - ETA: 0s - loss: 262.5979 - mae: 14.7166"
"1","9/9 [==============================] - 0s 6ms/step - loss: 266.8493 - mae: 14.3874
"
"1","9/9 [==============================] - 0s 25ms/step - loss: 266.8493 - mae: 14.3874 - val_loss: 151.5125 - val_mae: 10.6449
"
"1","Epoch 6/100
"
"1","1/9 [==>...........................] - ETA: 0s - loss: 147.6236 - mae: 11.1139"
"1","9/9 [==============================] - 0s 7ms/step - loss: 194.6587 - mae: 11.8744
"
"1","9/9 [==============================] - 0s 24ms/step - loss: 194.6587 - mae: 11.8744 - val_loss: 131.2187 - val_mae: 9.8237
"
"1","Epoch 7/100
"
"1","1/9 [==>...........................] - ETA: 0s - loss: 125.9537 - mae: 10.1494"
"1","9/9 [==============================] - 0s 6ms/step - loss: 136.5906 - mae: 9.6071
"
"1","9/9 [==============================] - 0s 23ms/step - loss: 136.5906 - mae: 9.6071 - val_loss: 113.2093 - val_mae: 9.0908
"
"1","Epoch 8/100
"
"1","1/9 [==>...........................] - ETA: 0s - loss: 124.2721 - mae: 8.3434"
"1","9/9 [==============================] - 0s 7ms/step - loss: 95.7218 - mae: 7.7755
"
"1","9/9 [==============================] - 0s 24ms/step - loss: 95.7218 - mae: 7.7755 - val_loss: 97.8463 - val_mae: 8.3975
"
"1","Epoch 9/100
"
"1","1/9 [==>...........................] - ETA: 0s - loss: 52.7495 - mae: 6.0957"
"1","8/9 [=========================>....] - ETA: 0s - loss: 68.6069 - mae: 6.4299"
"1","9/9 [==============================] - 0s 8ms/step - loss: 69.2733 - mae: 6.4419
"
"1","9/9 [==============================] - 0s 26ms/step - loss: 69.2733 - mae: 6.4419 - val_loss: 85.2710 - val_mae: 7.7849
"
"1","Epoch 10/100
"
"1","1/9 [==>...........................] - ETA: 0s - loss: 104.0443 - mae: 7.4187"
"1","8/9 [=========================>....] - ETA: 0s - loss: 54.3453 - mae: 5.4941 "
"1","9/9 [==============================] - 0s 9ms/step - loss: 53.0998 - mae: 5.4421
"
"1","9/9 [==============================] - 0s 28ms/step - loss: 53.0998 - mae: 5.4421 - val_loss: 76.7519 - val_mae: 7.3134
"
"1","Epoch 11/100
"
"1","1/9 [==>...........................] - ETA: 0s - loss: 37.3448 - mae: 4.6121"
"1","7/9 [======================>.......] - ETA: 0s - loss: 39.6768 - mae: 4.7501"
"1","9/9 [==============================] - 0s 9ms/step - loss: 42.3769 - mae: 4.7468
"
"1","9/9 [==============================] - 0s 28ms/step - loss: 42.3769 - mae: 4.7468 - val_loss: 68.4072 - val_mae: 6.7906
"
"1","Epoch 12/100
"
"1","1/9 [==>...........................] - ETA: 0s - loss: 39.6263 - mae: 4.9008"
"1","7/9 [======================>.......] - ETA: 0s - loss: 37.4232 - mae: 4.4791"
"1","9/9 [==============================] - 0s 10ms/step - loss: 34.9887 - mae: 4.3414
"
"1","9/9 [==============================] - 0s 30ms/step - loss: 34.9887 - mae: 4.3414 - val_loss: 65.5338 - val_mae: 6.5971
"
"1","Epoch 13/100
"
"1","1/9 [==>...........................] - ETA: 0s - loss: 19.5644 - mae: 3.2978"
"1","5/9 [===============>..............] - ETA: 0s - loss: 21.2708 - mae: 3.5137"
"1","9/9 [==============================] - 0s 13ms/step - loss: 29.2128 - mae: 3.8999
"
"1","9/9 [==============================] - 0s 33ms/step - loss: 29.2128 - mae: 3.8999 - val_loss: 59.2094 - val_mae: 6.2727
"
"1","Epoch 14/100
"
"1","1/9 [==>...........................] - ETA: 0s - loss: 61.6098 - mae: 4.3921"
"1","8/9 [=========================>....] - ETA: 0s - loss: 25.4307 - mae: 3.6058"
"1","9/9 [==============================] - 0s 8ms/step - loss: 25.1167 - mae: 3.6015
"
"1","9/9 [==============================] - 0s 27ms/step - loss: 25.1167 - mae: 3.6015 - val_loss: 56.8509 - val_mae: 6.1573
"
"1","Epoch 15/100
"
"1","1/9 [==>...........................] - ETA: 0s - loss: 62.9674 - mae: 4.9323"
"1","8/9 [=========================>....] - ETA: 0s - loss: 22.9097 - mae: 3.4112"
"1","9/9 [==============================] - 0s 8ms/step - loss: 22.2739 - mae: 3.3811
"
"1","9/9 [==============================] - 0s 26ms/step - loss: 22.2739 - mae: 3.3811 - val_loss: 55.3499 - val_mae: 6.0810
"
"1","Epoch 16/100
"
"1","1/9 [==>...........................] - ETA: 0s - loss: 16.7203 - mae: 3.1316"
"1","9/9 [==============================] - 0s 7ms/step - loss: 20.2738 - mae: 3.1998
"
"1","9/9 [==============================] - 0s 25ms/step - loss: 20.2738 - mae: 3.1998 - val_loss: 50.6805 - val_mae: 5.7917
"
"1","Epoch 17/100
"
"1","1/9 [==>...........................] - ETA: 0s - loss: 13.8023 - mae: 2.9027"
"1","8/9 [=========================>....] - ETA: 0s - loss: 19.0401 - mae: 3.1195"
"1","9/9 [==============================] - 0s 8ms/step - loss: 18.7200 - mae: 3.0853
"
"1","9/9 [==============================] - 0s 29ms/step - loss: 18.7200 - mae: 3.0853 - val_loss: 47.3664 - val_mae: 5.5885
"
"1","Epoch 18/100
"
"1","1/9 [==>...........................] - ETA: 0s - loss: 14.5342 - mae: 2.9821"
"1","8/9 [=========================>....] - ETA: 0s - loss: 18.1070 - mae: 2.9930"
"1","9/9 [==============================] - 0s 8ms/step - loss: 17.6745 - mae: 2.9980
"
"1","9/9 [==============================] - 0s 26ms/step - loss: 17.6745 - mae: 2.9980 - val_loss: 44.7810 - val_mae: 5.4309
"
"1","Epoch 19/100
"
"1","1/9 [==>...........................] - ETA: 0s - loss: 49.1591 - mae: 4.1473"
"1","7/9 [======================>.......] - ETA: 0s - loss: 16.2837 - mae: 2.7642"
"1","9/9 [==============================] - 0s 10ms/step - loss: 16.7055 - mae: 2.8869
"
"1","9/9 [==============================] - 0s 51ms/step - loss: 16.7055 - mae: 2.8869 - val_loss: 42.2216 - val_mae: 5.2693
"
"1","Epoch 20/100
"
"1","1/9 [==>...........................] - ETA: 0s - loss: 43.0969 - mae: 3.4605"
"1","8/9 [=========================>....] - ETA: 0s - loss: 16.3304 - mae: 2.8571"
"1","9/9 [==============================] - 0s 7ms/step - loss: 16.2020 - mae: 2.8963
"
"1","9/9 [==============================] - 0s 25ms/step - loss: 16.2020 - mae: 2.8963 - val_loss: 42.4866 - val_mae: 5.2847
"
"1","Epoch 21/100
"
"1","1/9 [==>...........................] - ETA: 0s - loss: 43.1761 - mae: 3.4573"
"1","6/9 [===================>..........] - ETA: 0s - loss: 17.1551 - mae: 2.8149"
"1","9/9 [==============================] - 0s 10ms/step - loss: 15.2185 - mae: 2.7708
"
"1","9/9 [==============================] - 0s 30ms/step - loss: 15.2185 - mae: 2.7708 - val_loss: 40.6609 - val_mae: 5.1799
"
"1","Epoch 22/100
"
"1","1/9 [==>...........................] - ETA: 0s - loss: 12.2527 - mae: 2.7154"
"1","7/9 [======================>.......] - ETA: 0s - loss: 11.3674 - mae: 2.6002"
"1","9/9 [==============================] - 0s 8ms/step - loss: 14.8965 - mae: 2.7109
"
"1","9/9 [==============================] - 0s 27ms/step - loss: 14.8965 - mae: 2.7109 - val_loss: 37.6565 - val_mae: 4.9954
"
"1","Epoch 23/100
"
"1","1/9 [==>...........................] - ETA: 0s - loss: 14.3679 - mae: 2.8911"
"1","7/9 [======================>.......] - ETA: 0s - loss: 14.6217 - mae: 2.6470"
"1","9/9 [==============================] - 0s 11ms/step - loss: 14.4033 - mae: 2.6911
"
"1","9/9 [==============================] - 0s 35ms/step - loss: 14.4033 - mae: 2.6911 - val_loss: 36.9811 - val_mae: 4.9499
"
"1","Epoch 24/100
"
"1","1/9 [==>...........................] - ETA: 0s - loss: 8.8648 - mae: 2.3162"
"1","4/9 [============>.................] - ETA: 0s - loss: 9.2246 - mae: 2.4360"
"1","8/9 [=========================>....] - ETA: 0s - loss: 14.1904 - mae: 2.5946"
"1","9/9 [==============================] - 0s 14ms/step - loss: 13.8086 - mae: 2.5845
"
"1","9/9 [==============================] - 0s 37ms/step - loss: 13.8086 - mae: 2.5845 - val_loss: 35.4030 - val_mae: 4.8642
"
"1","Epoch 25/100
"
"1","1/9 [==>...........................] - ETA: 0s - loss: 11.7347 - mae: 2.8018"
"1","7/9 [======================>.......] - ETA: 0s - loss: 14.3481 - mae: 2.5794"
"1","9/9 [==============================] - 0s 10ms/step - loss: 13.3774 - mae: 2.5420
"
"1","9/9 [==============================] - 0s 30ms/step - loss: 13.3774 - mae: 2.5420 - val_loss: 34.2919 - val_mae: 4.8003
"
"1","Epoch 26/100
"
"1","1/9 [==>...........................] - ETA: 0s - loss: 10.4740 - mae: 2.5917"
"1","6/9 [===================>..........] - ETA: 0s - loss: 13.7181 - mae: 2.5404"
"1","9/9 [==============================] - 0s 11ms/step - loss: 13.0072 - mae: 2.5259
"
"1","9/9 [==============================] - 0s 33ms/step - loss: 13.0072 - mae: 2.5259 - val_loss: 33.5330 - val_mae: 4.7513
"
"1","Epoch 27/100
"
"1","1/9 [==>...........................] - ETA: 0s - loss: 10.1323 - mae: 2.4578"
"1","6/9 [===================>..........] - ETA: 0s - loss: 8.5181 - mae: 2.2766 "
"1","9/9 [==============================] - 0s 11ms/step - loss: 12.4697 - mae: 2.4677
"
"1","9/9 [==============================] - 0s 30ms/step - loss: 12.4697 - mae: 2.4677 - val_loss: 31.9860 - val_mae: 4.6623
"
"1","Epoch 28/100
"
"1","1/9 [==>...........................] - ETA: 0s - loss: 12.8647 - mae: 2.6969"
"1","7/9 [======================>.......] - ETA: 0s - loss: 13.4493 - mae: 2.5290"
"1","9/9 [==============================] - 0s 8ms/step - loss: 12.2855 - mae: 2.4574
"
"1","9/9 [==============================] - 0s 26ms/step - loss: 12.2855 - mae: 2.4574 - val_loss: 31.5549 - val_mae: 4.6222
"
"1","Epoch 29/100
"
"1","1/9 [==>...........................] - ETA: 0s - loss: 4.4528 - mae: 1.7528"
"1","8/9 [=========================>....] - ETA: 0s - loss: 11.8363 - mae: 2.3846"
"1","9/9 [==============================] - 0s 8ms/step - loss: 11.7300 - mae: 2.3960
"
"1","9/9 [==============================] - 0s 26ms/step - loss: 11.7300 - mae: 2.3960 - val_loss: 31.8499 - val_mae: 4.6372
"
"1","Epoch 30/100
"
"1","1/9 [==>...........................] - ETA: 0s - loss: 8.8915 - mae: 2.0829"
"1","7/9 [======================>.......] - ETA: 0s - loss: 8.2577 - mae: 2.2257"
"1","9/9 [==============================] - 0s 8ms/step - loss: 11.7383 - mae: 2.3619
"
"1","9/9 [==============================] - 0s 27ms/step - loss: 11.7383 - mae: 2.3619 - val_loss: 30.1338 - val_mae: 4.5461
"
"1","Epoch 31/100
"
"1","1/9 [==>...........................] - ETA: 0s - loss: 4.0699 - mae: 1.5981"
"1","5/9 [===============>..............] - ETA: 0s - loss: 13.1985 - mae: 2.3926"
"1","9/9 [==============================] - 0s 16ms/step - loss: 11.4035 - mae: 2.3530
"
"1","9/9 [==============================] - 1s 64ms/step - loss: 11.4035 - mae: 2.3530 - val_loss: 29.8668 - val_mae: 4.5127
"
"1","Epoch 32/100
"
"1","1/9 [==>...........................] - ETA: 0s - loss: 9.1564 - mae: 2.2072"
"1","4/9 [============>.................] - ETA: 0s - loss: 16.3987 - mae: 2.5598"
"1","8/9 [=========================>....] - ETA: 0s - loss: 11.1281 - mae: 2.2757"
"1","9/9 [==============================] - 0s 15ms/step - loss: 11.1487 - mae: 2.3134
"
"1","9/9 [==============================] - 0s 36ms/step - loss: 11.1487 - mae: 2.3134 - val_loss: 29.2114 - val_mae: 4.4634
"
"1","Epoch 33/100
"
"1","1/9 [==>...........................] - ETA: 0s - loss: 10.9026 - mae: 2.4462"
"1","8/9 [=========================>....] - ETA: 0s - loss: 11.2958 - mae: 2.3128"
"1","9/9 [==============================] - 0s 8ms/step - loss: 11.0478 - mae: 2.2813
"
"1","9/9 [==============================] - 0s 26ms/step - loss: 11.0478 - mae: 2.2813 - val_loss: 28.7929 - val_mae: 4.4358
"
"1","Epoch 34/100
"
"1","1/9 [==>...........................] - ETA: 0s - loss: 32.9207 - mae: 2.8302"
"1","9/9 [==============================] - 0s 7ms/step - loss: 10.5188 - mae: 2.2087
"
"1","9/9 [==============================] - 0s 26ms/step - loss: 10.5188 - mae: 2.2087 - val_loss: 28.6937 - val_mae: 4.4248
"
"1","Epoch 35/100
"
"1","1/9 [==>...........................] - ETA: 0s - loss: 10.4540 - mae: 2.4928"
"1","8/9 [=========================>....] - ETA: 0s - loss: 10.4318 - mae: 2.1338"
"1","9/9 [==============================] - 0s 7ms/step - loss: 10.4943 - mae: 2.1790
"
"1","9/9 [==============================] - 0s 25ms/step - loss: 10.4943 - mae: 2.1790 - val_loss: 28.1716 - val_mae: 4.3868
"
"1","Epoch 36/100
"
"1","1/9 [==>...........................] - ETA: 0s - loss: 5.3594 - mae: 1.8772"
"1","6/9 [===================>..........] - ETA: 0s - loss: 7.6584 - mae: 2.0710"
"1","9/9 [==============================] - 0s 11ms/step - loss: 10.2543 - mae: 2.1548
"
"1","9/9 [==============================] - 0s 29ms/step - loss: 10.2543 - mae: 2.1548 - val_loss: 27.2362 - val_mae: 4.3216
"
"1","Epoch 37/100
"
"1","1/9 [==>...........................] - ETA: 0s - loss: 7.4115 - mae: 2.2287"
"1","7/9 [======================>.......] - ETA: 0s - loss: 7.7342 - mae: 2.1275"
"1","9/9 [==============================] - 0s 9ms/step - loss: 10.0714 - mae: 2.1612
"
"1","9/9 [==============================] - 0s 28ms/step - loss: 10.0714 - mae: 2.1612 - val_loss: 27.1362 - val_mae: 4.3262
"
"1","Epoch 38/100
"
"1","1/9 [==>...........................] - ETA: 0s - loss: 8.9293 - mae: 2.4108"
"1","7/9 [======================>.......] - ETA: 0s - loss: 11.2204 - mae: 2.2385"
"1","9/9 [==============================] - 0s 9ms/step - loss: 9.9767 - mae: 2.1496
"
"1","9/9 [==============================] - 0s 30ms/step - loss: 9.9767 - mae: 2.1496 - val_loss: 26.4982 - val_mae: 4.2451
"
"1","Epoch 39/100
"
"1","1/9 [==>...........................] - ETA: 0s - loss: 29.1531 - mae: 2.5402"
"1","7/9 [======================>.......] - ETA: 0s - loss: 10.1106 - mae: 2.0930"
"1","9/9 [==============================] - 0s 10ms/step - loss: 9.6868 - mae: 2.0905
"
"1","9/9 [==============================] - 0s 30ms/step - loss: 9.6868 - mae: 2.0905 - val_loss: 26.3683 - val_mae: 4.2442
"
"1","Epoch 40/100
"
"1","1/9 [==>...........................] - ETA: 0s - loss: 4.6480 - mae: 1.7106"
"1","8/9 [=========================>....] - ETA: 0s - loss: 10.2043 - mae: 2.1446"
"1","9/9 [==============================] - 0s 8ms/step - loss: 9.4586 - mae: 2.0557
"
"1","9/9 [==============================] - 0s 27ms/step - loss: 9.4586 - mae: 2.0557 - val_loss: 26.4006 - val_mae: 4.2806
"
"1","Epoch 41/100
"
"1","1/9 [==>...........................] - ETA: 0s - loss: 7.4464 - mae: 2.1275"
"1","7/9 [======================>.......] - ETA: 0s - loss: 10.8124 - mae: 2.1649"
"1","9/9 [==============================] - 0s 9ms/step - loss: 9.4873 - mae: 2.0554
"
"1","9/9 [==============================] - 0s 26ms/step - loss: 9.4873 - mae: 2.0554 - val_loss: 25.9840 - val_mae: 4.2279
"
"1","Epoch 42/100
"
"1","1/9 [==>...........................] - ETA: 0s - loss: 6.2167 - mae: 1.9495"
"1","8/9 [=========================>....] - ETA: 0s - loss: 9.1586 - mae: 1.9938"
"1","9/9 [==============================] - 0s 8ms/step - loss: 9.1964 - mae: 2.0208
"
"1","9/9 [==============================] - 0s 26ms/step - loss: 9.1964 - mae: 2.0208 - val_loss: 25.7213 - val_mae: 4.2192
"
"1","Epoch 43/100
"
"1","1/9 [==>...........................] - ETA: 0s - loss: 5.2970 - mae: 1.8166"
"1","9/9 [==============================] - 0s 7ms/step - loss: 9.3087 - mae: 2.0300
"
"1","9/9 [==============================] - 0s 24ms/step - loss: 9.3087 - mae: 2.0300 - val_loss: 25.4098 - val_mae: 4.1826
"
"1","Epoch 44/100
"
"1","1/9 [==>...........................] - ETA: 0s - loss: 7.9362 - mae: 2.1195"
"1","9/9 [==============================] - 0s 7ms/step - loss: 8.9646 - mae: 1.9935
"
"1","9/9 [==============================] - 0s 25ms/step - loss: 8.9646 - mae: 1.9935 - val_loss: 25.0515 - val_mae: 4.1594
"
"1","Epoch 45/100
"
"1","1/9 [==>...........................] - ETA: 0s - loss: 7.2453 - mae: 2.0086"
"1","9/9 [==============================] - 0s 7ms/step - loss: 8.9412 - mae: 2.0081
"
"1","9/9 [==============================] - 0s 24ms/step - loss: 8.9412 - mae: 2.0081 - val_loss: 24.9388 - val_mae: 4.1493
"
"1","Epoch 46/100
"
"1","1/9 [==>...........................] - ETA: 0s - loss: 9.1291 - mae: 2.0962"
"1","8/9 [=========================>....] - ETA: 0s - loss: 8.9426 - mae: 1.9240"
"1","9/9 [==============================] - 0s 9ms/step - loss: 8.6623 - mae: 1.9226
"
"1","9/9 [==============================] - 0s 26ms/step - loss: 8.6623 - mae: 1.9226 - val_loss: 24.7809 - val_mae: 4.1615
"
"1","Epoch 47/100
"
"1","1/9 [==>...........................] - ETA: 0s - loss: 5.8087 - mae: 1.6831"
"1","9/9 [==============================] - 0s 7ms/step - loss: 8.7976 - mae: 1.9922
"
"1","9/9 [==============================] - 0s 25ms/step - loss: 8.7976 - mae: 1.9922 - val_loss: 24.0528 - val_mae: 4.0620
"
"1","Epoch 48/100
"
"1","1/9 [==>...........................] - ETA: 0s - loss: 4.5293 - mae: 1.6030"
"1","9/9 [==============================] - 0s 7ms/step - loss: 8.5631 - mae: 1.9184
"
"1","9/9 [==============================] - 0s 25ms/step - loss: 8.5631 - mae: 1.9184 - val_loss: 24.5337 - val_mae: 4.1466
"
"1","Epoch 49/100
"
"1","1/9 [==>...........................] - ETA: 0s - loss: 25.7645 - mae: 2.6924"
"1","9/9 [==============================] - 0s 6ms/step - loss: 8.4669 - mae: 1.9236
"
"1","9/9 [==============================] - 0s 24ms/step - loss: 8.4669 - mae: 1.9236 - val_loss: 23.7751 - val_mae: 4.0479
"
"1","Epoch 50/100
"
"1","1/9 [==>...........................] - ETA: 0s - loss: 4.2089 - mae: 1.5810"
"1","9/9 [==============================] - 0s 7ms/step - loss: 8.7010 - mae: 1.9657
"
"1","9/9 [==============================] - 0s 24ms/step - loss: 8.7010 - mae: 1.9657 - val_loss: 23.6863 - val_mae: 4.0531
"
"1","Epoch 51/100
"
"1","1/9 [==>...........................] - ETA: 0s - loss: 3.6980 - mae: 1.4427"
"1","9/9 [==============================] - 0s 7ms/step - loss: 8.2930 - mae: 1.8817
"
"1","9/9 [==============================] - 0s 26ms/step - loss: 8.2930 - mae: 1.8817 - val_loss: 23.7180 - val_mae: 4.0799
"
"1","Epoch 52/100
"
"1","1/9 [==>...........................] - ETA: 0s - loss: 5.6041 - mae: 1.7194"
"1","9/9 [==============================] - 0s 7ms/step - loss: 8.4163 - mae: 1.9141
"
"1","9/9 [==============================] - 0s 24ms/step - loss: 8.4163 - mae: 1.9141 - val_loss: 23.2010 - val_mae: 4.0235
"
"1","Epoch 53/100
"
"1","1/9 [==>...........................] - ETA: 0s - loss: 8.6303 - mae: 2.3436"
"1","9/9 [==============================] - 0s 7ms/step - loss: 8.1108 - mae: 1.8440
"
"1","9/9 [==============================] - 0s 24ms/step - loss: 8.1108 - mae: 1.8440 - val_loss: 23.2315 - val_mae: 4.0353
"
"1","Epoch 54/100
"
"1","1/9 [==>...........................] - ETA: 0s - loss: 3.8537 - mae: 1.4648"
"1","9/9 [==============================] - 0s 7ms/step - loss: 8.0989 - mae: 1.8633
"
"1","9/9 [==============================] - 0s 25ms/step - loss: 8.0989 - mae: 1.8633 - val_loss: 22.9446 - val_mae: 4.0058
"
"1","Epoch 55/100
"
"1","1/9 [==>...........................] - ETA: 0s - loss: 7.3803 - mae: 1.9379"
"1","9/9 [==============================] - 0s 7ms/step - loss: 8.1077 - mae: 1.8727
"
"1","9/9 [==============================] - 0s 24ms/step - loss: 8.1077 - mae: 1.8727 - val_loss: 22.7175 - val_mae: 3.9953
"
"1","Epoch 56/100
"
"1","1/9 [==>...........................] - ETA: 0s - loss: 5.0198 - mae: 1.7645"
"1","9/9 [==============================] - 0s 7ms/step - loss: 8.2109 - mae: 1.8464
"
"1","9/9 [==============================] - 0s 25ms/step - loss: 8.2109 - mae: 1.8464 - val_loss: 22.7604 - val_mae: 3.9989
"
"1","Epoch 57/100
"
"1","1/9 [==>...........................] - ETA: 0s - loss: 22.8683 - mae: 2.2464"
"1","8/9 [=========================>....] - ETA: 0s - loss: 8.2281 - mae: 1.8646 "
"1","9/9 [==============================] - 0s 8ms/step - loss: 7.9665 - mae: 1.8634
"
"1","9/9 [==============================] - 0s 26ms/step - loss: 7.9665 - mae: 1.8634 - val_loss: 22.3173 - val_mae: 3.9339
"
"1","Epoch 58/100
"
"1","1/9 [==>...........................] - ETA: 0s - loss: 5.2715 - mae: 1.8112"
"1","8/9 [=========================>....] - ETA: 0s - loss: 7.5495 - mae: 1.7807"
"1","9/9 [==============================] - 0s 7ms/step - loss: 7.8376 - mae: 1.8302
"
"1","9/9 [==============================] - 0s 27ms/step - loss: 7.8376 - mae: 1.8302 - val_loss: 22.6380 - val_mae: 3.9856
"
"1","Epoch 59/100
"
"1","1/9 [==>...........................] - ETA: 0s - loss: 6.1155 - mae: 1.8156"
"1","9/9 [==============================] - 0s 7ms/step - loss: 7.7349 - mae: 1.8221
"
"1","9/9 [==============================] - 0s 30ms/step - loss: 7.7349 - mae: 1.8221 - val_loss: 23.1743 - val_mae: 4.0164
"
"1","Epoch 60/100
"
"1","1/9 [==>...........................] - ETA: 0s - loss: 5.3546 - mae: 1.8352"
"1","9/9 [==============================] - 0s 7ms/step - loss: 7.8226 - mae: 1.8504
"
"1","9/9 [==============================] - 0s 25ms/step - loss: 7.8226 - mae: 1.8504 - val_loss: 22.7354 - val_mae: 4.0060
"
"1","Epoch 61/100
"
"1","1/9 [==>...........................] - ETA: 0s - loss: 3.6681 - mae: 1.4473"
"1","8/9 [=========================>....] - ETA: 0s - loss: 7.7821 - mae: 1.8158"
"1","9/9 [==============================] - 0s 7ms/step - loss: 7.7288 - mae: 1.8269
"
"1","9/9 [==============================] - 0s 24ms/step - loss: 7.7288 - mae: 1.8269 - val_loss: 22.4713 - val_mae: 3.9698
"
"1","Epoch 62/100
"
"1","1/9 [==>...........................] - ETA: 0s - loss: 9.1362 - mae: 2.1014"
"1","8/9 [=========================>....] - ETA: 0s - loss: 7.8447 - mae: 1.7897"
"1","9/9 [==============================] - 0s 8ms/step - loss: 7.5588 - mae: 1.7859
"
"1","9/9 [==============================] - 0s 26ms/step - loss: 7.5588 - mae: 1.7859 - val_loss: 22.7158 - val_mae: 3.9973
"
"1","Epoch 63/100
"
"1","1/9 [==>...........................] - ETA: 0s - loss: 4.5743 - mae: 1.5904"
"1","9/9 [==============================] - 0s 7ms/step - loss: 7.6825 - mae: 1.8051
"
"1","9/9 [==============================] - 0s 25ms/step - loss: 7.6825 - mae: 1.8051 - val_loss: 22.7194 - val_mae: 4.0047
"
"1","Epoch 64/100
"
"1","1/9 [==>...........................] - ETA: 0s - loss: 5.0978 - mae: 1.5152"
"1","9/9 [==============================] - 0s 7ms/step - loss: 7.4314 - mae: 1.7954
"
"1","9/9 [==============================] - 0s 25ms/step - loss: 7.4314 - mae: 1.7954 - val_loss: 22.4545 - val_mae: 3.9757
"
"1","Epoch 65/100
"
"1","1/9 [==>...........................] - ETA: 0s - loss: 3.5970 - mae: 1.4954"
"1","8/9 [=========================>....] - ETA: 0s - loss: 7.8285 - mae: 1.7992"
"1","9/9 [==============================] - 0s 8ms/step - loss: 7.3641 - mae: 1.7404
"
"1","9/9 [==============================] - 0s 25ms/step - loss: 7.3641 - mae: 1.7404 - val_loss: 22.1703 - val_mae: 3.9482
"
"1","Epoch 66/100
"
"1","1/9 [==>...........................] - ETA: 0s - loss: 5.1830 - mae: 1.6292"
"1","9/9 [==============================] - 0s 7ms/step - loss: 7.3023 - mae: 1.7507
"
"1","9/9 [==============================] - 0s 24ms/step - loss: 7.3023 - mae: 1.7507 - val_loss: 22.1031 - val_mae: 3.9404
"
"1","Epoch 67/100
"
"1","1/9 [==>...........................] - ETA: 0s - loss: 5.8288 - mae: 1.8219"
"1","9/9 [==============================] - 0s 7ms/step - loss: 7.3170 - mae: 1.8075
"
"1","9/9 [==============================] - 0s 25ms/step - loss: 7.3170 - mae: 1.8075 - val_loss: 22.0203 - val_mae: 3.9370
"
"1","Epoch 68/100
"
"1","1/9 [==>...........................] - ETA: 0s - loss: 7.3800 - mae: 1.7683"
"1","9/9 [==============================] - 0s 7ms/step - loss: 7.4720 - mae: 1.8142
"
"1","9/9 [==============================] - 0s 24ms/step - loss: 7.4720 - mae: 1.8142 - val_loss: 21.5502 - val_mae: 3.8841
"
"1","Epoch 69/100
"
"1","1/9 [==>...........................] - ETA: 0s - loss: 4.3889 - mae: 1.5420"
"1","9/9 [==============================] - 0s 7ms/step - loss: 7.2642 - mae: 1.7721
"
"1","9/9 [==============================] - 0s 26ms/step - loss: 7.2642 - mae: 1.7721 - val_loss: 21.9760 - val_mae: 3.9399
"
"1","Epoch 70/100
"
"1","1/9 [==>...........................] - ETA: 0s - loss: 4.5790 - mae: 1.5561"
"1","9/9 [==============================] - 0s 7ms/step - loss: 7.1041 - mae: 1.7523
"
"1","9/9 [==============================] - 0s 25ms/step - loss: 7.1041 - mae: 1.7523 - val_loss: 21.9415 - val_mae: 3.9318
"
"1","Epoch 71/100
"
"1","1/9 [==>...........................] - ETA: 0s - loss: 6.1555 - mae: 1.6911"
"1","9/9 [==============================] - 0s 7ms/step - loss: 7.2714 - mae: 1.7658
"
"1","9/9 [==============================] - 0s 24ms/step - loss: 7.2714 - mae: 1.7658 - val_loss: 22.2467 - val_mae: 3.9545
"
"1","Epoch 72/100
"
"1","1/9 [==>...........................] - ETA: 0s - loss: 4.4121 - mae: 1.6372"
"1","9/9 [==============================] - 0s 7ms/step - loss: 7.1777 - mae: 1.7666
"
"1","9/9 [==============================] - 0s 24ms/step - loss: 7.1777 - mae: 1.7666 - val_loss: 22.1268 - val_mae: 3.9311
"
"1","Epoch 73/100
"
"1","1/9 [==>...........................] - ETA: 0s - loss: 4.2486 - mae: 1.4645"
"1","9/9 [==============================] - 0s 7ms/step - loss: 7.1791 - mae: 1.7559
"
"1","9/9 [==============================] - 0s 25ms/step - loss: 7.1791 - mae: 1.7559 - val_loss: 22.0686 - val_mae: 3.9285
"
"1","Epoch 74/100
"
"1","1/9 [==>...........................] - ETA: 0s - loss: 2.7177 - mae: 1.2785"
"1","9/9 [==============================] - 0s 7ms/step - loss: 7.1171 - mae: 1.7419
"
"1","9/9 [==============================] - 0s 24ms/step - loss: 7.1171 - mae: 1.7419 - val_loss: 22.1081 - val_mae: 3.9181
"
"1","Epoch 75/100
"
"1","1/9 [==>...........................] - ETA: 0s - loss: 3.5816 - mae: 1.4375"
"1","9/9 [==============================] - 0s 7ms/step - loss: 6.8316 - mae: 1.7501
"
"1","9/9 [==============================] - 0s 32ms/step - loss: 6.8316 - mae: 1.7501 - val_loss: 21.9975 - val_mae: 3.9222
"
"1","Epoch 76/100
"
"1","1/9 [==>...........................] - ETA: 0s - loss: 4.9484 - mae: 1.5727"
"1","9/9 [==============================] - 0s 7ms/step - loss: 7.0280 - mae: 1.7621
"
"1","9/9 [==============================] - 0s 24ms/step - loss: 7.0280 - mae: 1.7621 - val_loss: 22.2848 - val_mae: 3.9248
"
"1","Epoch 77/100
"
"1","1/9 [==>...........................] - ETA: 0s - loss: 4.7606 - mae: 1.6793"
"1","9/9 [==============================] - 0s 7ms/step - loss: 6.8911 - mae: 1.7386
"
"1","9/9 [==============================] - 0s 24ms/step - loss: 6.8911 - mae: 1.7386 - val_loss: 23.6342 - val_mae: 4.0048
"
"1","Epoch 78/100
"
"1","1/9 [==>...........................] - ETA: 0s - loss: 5.0386 - mae: 1.7708"
"1","7/9 [======================>.......] - ETA: 0s - loss: 5.0075 - mae: 1.6567"
"1","9/9 [==============================] - 0s 10ms/step - loss: 6.9082 - mae: 1.7271
"
"1","9/9 [==============================] - 0s 27ms/step - loss: 6.9082 - mae: 1.7271 - val_loss: 22.6097 - val_mae: 3.9596
"
"1","Epoch 79/100
"
"1","1/9 [==>...........................] - ETA: 0s - loss: 5.0842 - mae: 1.8161"
"1","9/9 [==============================] - 0s 7ms/step - loss: 6.6840 - mae: 1.7048
"
"1","9/9 [==============================] - 0s 24ms/step - loss: 6.6840 - mae: 1.7048 - val_loss: 22.1156 - val_mae: 3.9364
"
"1","Epoch 80/100
"
"1","1/9 [==>...........................] - ETA: 0s - loss: 3.3097 - mae: 1.3797"
"1","9/9 [==============================] - 0s 7ms/step - loss: 6.6049 - mae: 1.7140
"
"1","9/9 [==============================] - 0s 24ms/step - loss: 6.6049 - mae: 1.7140 - val_loss: 22.3329 - val_mae: 3.9543
"
"1","Epoch 81/100
"
"1","1/9 [==>...........................] - ETA: 0s - loss: 7.9074 - mae: 2.1860"
"1","8/9 [=========================>....] - ETA: 0s - loss: 7.3901 - mae: 1.8085"
"1","9/9 [==============================] - 0s 7ms/step - loss: 7.1370 - mae: 1.8061
"
"1","9/9 [==============================] - 1s 70ms/step - loss: 7.1370 - mae: 1.8061 - val_loss: 22.4916 - val_mae: 3.9561
"
"1","Epoch 82/100
"
"1","1/9 [==>...........................] - ETA: 0s - loss: 18.6161 - mae: 1.8332"
"1","5/9 [===============>..............] - ETA: 0s - loss: 8.0261 - mae: 1.7418 "
"1","9/9 [==============================] - 0s 16ms/step - loss: 6.6951 - mae: 1.7114
"
"1","9/9 [==============================] - 0s 47ms/step - loss: 6.6951 - mae: 1.7114 - val_loss: 22.2147 - val_mae: 3.9137
"
"1","Epoch 83/100
"
"1","1/9 [==>...........................] - ETA: 0s - loss: 7.3676 - mae: 1.8877"
"1","7/9 [======================>.......] - ETA: 0s - loss: 7.2845 - mae: 1.7562"
"1","9/9 [==============================] - 0s 9ms/step - loss: 6.6260 - mae: 1.7053
"
"1","9/9 [==============================] - 0s 28ms/step - loss: 6.6260 - mae: 1.7053 - val_loss: 22.0382 - val_mae: 3.9106
"
"1","Epoch 84/100
"
"1","1/9 [==>...........................] - ETA: 0s - loss: 3.0278 - mae: 1.4681"
"1","7/9 [======================>.......] - ETA: 0s - loss: 7.0154 - mae: 1.7119"
"1","9/9 [==============================] - 0s 8ms/step - loss: 6.6057 - mae: 1.6865
"
"1","9/9 [==============================] - 0s 27ms/step - loss: 6.6057 - mae: 1.6865 - val_loss: 22.2959 - val_mae: 3.9208
"
"1","Epoch 85/100
"
"1","1/9 [==>...........................] - ETA: 0s - loss: 5.3273 - mae: 1.6047"
"1","9/9 [==============================] - 0s 6ms/step - loss: 6.6850 - mae: 1.6967
"
"1","9/9 [==============================] - 0s 24ms/step - loss: 6.6850 - mae: 1.6967 - val_loss: 22.8847 - val_mae: 3.9580
"
"1","Epoch 86/100
"
"1","1/9 [==>...........................] - ETA: 0s - loss: 6.4954 - mae: 1.9625"
"1","6/9 [===================>..........] - ETA: 0s - loss: 8.0769 - mae: 1.8211"
"1","9/9 [==============================] - 0s 10ms/step - loss: 6.6926 - mae: 1.7042
"
"1","9/9 [==============================] - 0s 28ms/step - loss: 6.6926 - mae: 1.7042 - val_loss: 22.5531 - val_mae: 3.9183
"
"1","Epoch 87/100
"
"1","1/9 [==>...........................] - ETA: 0s - loss: 5.8153 - mae: 1.6461"
"1","6/9 [===================>..........] - ETA: 0s - loss: 7.4956 - mae: 1.7633"
"1","9/9 [==============================] - 0s 9ms/step - loss: 6.6330 - mae: 1.7144
"
"1","9/9 [==============================] - 0s 28ms/step - loss: 6.6330 - mae: 1.7144 - val_loss: 22.4310 - val_mae: 3.9144
"
"1","Epoch 88/100
"
"1","1/9 [==>...........................] - ETA: 0s - loss: 4.9403 - mae: 1.7291"
"1","8/9 [=========================>....] - ETA: 0s - loss: 6.7011 - mae: 1.7039"
"1","9/9 [==============================] - 0s 7ms/step - loss: 6.6670 - mae: 1.7075
"
"1","9/9 [==============================] - 0s 27ms/step - loss: 6.6670 - mae: 1.7075 - val_loss: 22.8561 - val_mae: 3.9366
"
"1","Epoch 89/100
"
"1","1/9 [==>...........................] - ETA: 0s - loss: 5.0585 - mae: 1.6400"
"1","6/9 [===================>..........] - ETA: 0s - loss: 4.8260 - mae: 1.6279"
"1","9/9 [==============================] - 0s 11ms/step - loss: 6.4405 - mae: 1.6768
"
"1","9/9 [==============================] - 0s 30ms/step - loss: 6.4405 - mae: 1.6768 - val_loss: 22.9479 - val_mae: 3.9452
"
"1","Epoch 90/100
"
"1","1/9 [==>...........................] - ETA: 0s - loss: 5.7878 - mae: 1.5934"
"1","7/9 [======================>.......] - ETA: 0s - loss: 4.5956 - mae: 1.5604"
"1","9/9 [==============================] - 0s 9ms/step - loss: 6.5068 - mae: 1.6961
"
"1","9/9 [==============================] - 0s 29ms/step - loss: 6.5068 - mae: 1.6961 - val_loss: 22.7212 - val_mae: 3.9355
"
"1","Epoch 91/100
"
"1","1/9 [==>...........................] - ETA: 0s - loss: 2.7827 - mae: 1.1945"
"1","5/9 [===============>..............] - ETA: 0s - loss: 7.3888 - mae: 1.6754"
"1","9/9 [==============================] - 0s 12ms/step - loss: 6.4246 - mae: 1.6574
"
"1","9/9 [==============================] - 0s 32ms/step - loss: 6.4246 - mae: 1.6574 - val_loss: 22.9794 - val_mae: 3.9442
"
"1","Epoch 92/100
"
"1","1/9 [==>...........................] - ETA: 0s - loss: 5.9159 - mae: 1.8009"
"1","9/9 [==============================] - 0s 7ms/step - loss: 6.3593 - mae: 1.6607
"
"1","9/9 [==============================] - 0s 25ms/step - loss: 6.3593 - mae: 1.6607 - val_loss: 23.5778 - val_mae: 3.9936
"
"1","Epoch 93/100
"
"1","1/9 [==>...........................] - ETA: 0s - loss: 3.9826 - mae: 1.5618"
"1","7/9 [======================>.......] - ETA: 0s - loss: 7.0099 - mae: 1.7080"
"1","9/9 [==============================] - 0s 9ms/step - loss: 6.3464 - mae: 1.6579
"
"1","9/9 [==============================] - 0s 26ms/step - loss: 6.3464 - mae: 1.6579 - val_loss: 23.5800 - val_mae: 3.9853
"
"1","Epoch 94/100
"
"1","1/9 [==>...........................] - ETA: 0s - loss: 19.3620 - mae: 2.3736"
"1","8/9 [=========================>....] - ETA: 0s - loss: 6.5357 - mae: 1.7162 "
"1","9/9 [==============================] - 0s 7ms/step - loss: 6.2117 - mae: 1.6845
"
"1","9/9 [==============================] - 0s 25ms/step - loss: 6.2117 - mae: 1.6845 - val_loss: 22.0039 - val_mae: 3.8965
"
"1","Epoch 95/100
"
"1","1/9 [==>...........................] - ETA: 0s - loss: 2.6373 - mae: 1.2897"
"1","9/9 [==============================] - 0s 7ms/step - loss: 6.3223 - mae: 1.6626
"
"1","9/9 [==============================] - 0s 25ms/step - loss: 6.3223 - mae: 1.6626 - val_loss: 24.2379 - val_mae: 4.0377
"
"1","Epoch 96/100
"
"1","1/9 [==>...........................] - ETA: 0s - loss: 3.8888 - mae: 1.5294"
"1","9/9 [==============================] - 0s 7ms/step - loss: 6.2589 - mae: 1.6703
"
"1","9/9 [==============================] - 0s 24ms/step - loss: 6.2589 - mae: 1.6703 - val_loss: 23.0624 - val_mae: 3.9474
"
"1","Epoch 97/100
"
"1","1/9 [==>...........................] - ETA: 0s - loss: 5.4482 - mae: 1.6169"
"1","9/9 [==============================] - 0s 7ms/step - loss: 6.2035 - mae: 1.6435
"
"1","9/9 [==============================] - 0s 24ms/step - loss: 6.2035 - mae: 1.6435 - val_loss: 24.8350 - val_mae: 4.0784
"
"1","Epoch 98/100
"
"1","1/9 [==>...........................] - ETA: 0s - loss: 16.6810 - mae: 1.9569"
"1","9/9 [==============================] - 0s 6ms/step - loss: 6.0414 - mae: 1.6461
"
"1","9/9 [==============================] - 0s 23ms/step - loss: 6.0414 - mae: 1.6461 - val_loss: 22.2079 - val_mae: 3.8962
"
"1","Epoch 99/100
"
"1","1/9 [==>...........................] - ETA: 0s - loss: 2.2930 - mae: 1.2760"
"1","9/9 [==============================] - 0s 7ms/step - loss: 6.2682 - mae: 1.6685
"
"1","9/9 [==============================] - 0s 24ms/step - loss: 6.2682 - mae: 1.6685 - val_loss: 23.0977 - val_mae: 3.9567
"
"1","Epoch 100/100
"
"1","1/9 [==>...........................] - ETA: 0s - loss: 3.4011 - mae: 1.3678"
"1","8/9 [=========================>....] - ETA: 0s - loss: 6.3120 - mae: 1.6246"
"1","9/9 [==============================] - 0s 7ms/step - loss: 6.1103 - mae: 1.6179
"
"1","9/9 [==============================] - 0s 24ms/step - loss: 6.1103 - mae: 1.6179 - val_loss: 23.6754 - val_mae: 3.9968
"
